[
  {
    "Id": 1,
    "Test": "read_tomcat",
    "Number Of Users": 100,
    "Total Number Of Req": 576,
    "Total RPS": 61,
    "Request Distribution": [
      { "name": "GET /editor/post?action=open", "98%": 20 }
    ]
  },
  {
    "Id": 2,
    "Test": "write_tomcat",
    "Number Of Users": 100,
    "Total Number Of Req": 565,
    "Total RPS": 56,
    "Request Distribution": [
      { "name": "POST /editor/post?action=save", "98%": 140 }
    ]
  },
  {
    "Id": 4,
    "Test": "read_node",
    "Number Of Users": 100,
    "Total Number Of Req": 254,
    "Total RPS": 12,
    "Request Distribution": [{ "name": "GET /blog/cs144", "98%": 7700 }]
  },
  {
    "Id": 5,
    "Test": "write_node",
    "Number Of Users": 100,
    "Total Number Of Req": 259,
    "Total RPS": 11,
    "Request Distribution": [{ "name": "PUT /api/cs144", "98%": 7700 }]
  }
]
